,RF,RF(%)
1990-04-30,0.69,69.0
1990-05-31,0.68,68.0
1990-06-30,0.63,63.0
1990-07-31,0.68,68.0
1990-08-31,0.66,66.0
1990-09-30,0.6,60.0
1990-10-31,0.68,68.0
1990-11-30,0.57,56.99999999999999
1990-12-31,0.6,60.0
1991-01-31,0.52,52.0
1991-02-28,0.48,48.0
1991-03-31,0.44,44.0
1991-04-30,0.53,53.0
1991-05-31,0.47,47.0
1991-06-30,0.42,42.0
1991-07-31,0.49,49.0
1991-08-31,0.46,46.0
1991-09-30,0.46,46.0
1991-10-31,0.42,42.0
1991-11-30,0.39,39.0
1991-12-31,0.38,38.0
1992-01-31,0.34,34.0
1992-02-29,0.28,28.000000000000004
1992-03-31,0.34,34.0
1992-04-30,0.32,32.0
1992-05-31,0.28,28.000000000000004
1992-06-30,0.32,32.0
1992-07-31,0.31,31.0
1992-08-31,0.26,26.0
1992-09-30,0.26,26.0
1992-10-31,0.23,23.0
1992-11-30,0.23,23.0
1992-12-31,0.28,28.000000000000004
1993-01-31,0.23,23.0
1993-02-28,0.22,22.0
1993-03-31,0.25,25.0
1993-04-30,0.24,24.0
1993-05-31,0.22,22.0
1993-06-30,0.25,25.0
1993-07-31,0.24,24.0
1993-08-31,0.25,25.0
1993-09-30,0.26,26.0
1993-10-31,0.22,22.0
1993-11-30,0.25,25.0
1993-12-31,0.23,23.0
1994-01-31,0.25,25.0
1994-02-28,0.21,21.0
1994-03-31,0.27,27.0
1994-04-30,0.27,27.0
1994-05-31,0.31,31.0
1994-06-30,0.31,31.0
1994-07-31,0.28,28.000000000000004
1994-08-31,0.37,37.0
1994-09-30,0.37,37.0
1994-10-31,0.38,38.0
1994-11-30,0.37,37.0
1994-12-31,0.44,44.0
1995-01-31,0.42,42.0
1995-02-28,0.4,40.0
1995-03-31,0.46,46.0
1995-04-30,0.44,44.0
1995-05-31,0.54,54.0
1995-06-30,0.47,47.0
1995-07-31,0.45,45.0
1995-08-31,0.47,47.0
1995-09-30,0.43,43.0
1995-10-31,0.47,47.0
1995-11-30,0.42,42.0
1995-12-31,0.49,49.0
1996-01-31,0.43,43.0
1996-02-29,0.39,39.0
1996-03-31,0.39,39.0
1996-04-30,0.46,46.0
1996-05-31,0.42,42.0
1996-06-30,0.4,40.0
1996-07-31,0.45,45.0
1996-08-31,0.41,41.0
1996-09-30,0.44,44.0
1996-10-31,0.42,42.0
1996-11-30,0.41,41.0
1996-12-31,0.46,46.0
1997-01-31,0.45,45.0
1997-02-28,0.39,39.0
1997-03-31,0.43,43.0
1997-04-30,0.43,43.0
1997-05-31,0.49,49.0
1997-06-30,0.37,37.0
1997-07-31,0.43,43.0
1997-08-31,0.41,41.0
1997-09-30,0.44,44.0
1997-10-31,0.42,42.0
1997-11-30,0.39,39.0
1997-12-31,0.48,48.0
1998-01-31,0.43,43.0
1998-02-28,0.39,39.0
1998-03-31,0.39,39.0
1998-04-30,0.43,43.0
1998-05-31,0.4,40.0
1998-06-30,0.41,41.0
1998-07-31,0.4,40.0
1998-08-31,0.43,43.0
1998-09-30,0.46,46.0
1998-10-31,0.32,32.0
1998-11-30,0.31,31.0
1998-12-31,0.38,38.0
1999-01-31,0.35,35.0
1999-02-28,0.35,35.0
1999-03-31,0.43,43.0
1999-04-30,0.37,37.0
1999-05-31,0.34,34.0
1999-06-30,0.4,40.0
1999-07-31,0.38,38.0
1999-08-31,0.39,39.0
1999-09-30,0.39,39.0
1999-10-31,0.39,39.0
1999-11-30,0.36,36.0
1999-12-31,0.44,44.0
2000-01-31,0.41,41.0
2000-02-29,0.43,43.0
2000-03-31,0.47,47.0
2000-04-30,0.46,46.0
2000-05-31,0.5,50.0
2000-06-30,0.4,40.0
2000-07-31,0.48,48.0
2000-08-31,0.5,50.0
2000-09-30,0.51,51.0
2000-10-31,0.56,56.00000000000001
2000-11-30,0.51,51.0
2000-12-31,0.5,50.0
2001-01-31,0.54,54.0
2001-02-28,0.38,38.0
2001-03-31,0.42,42.0
2001-04-30,0.39,39.0
2001-05-31,0.32,32.0
2001-06-30,0.28,28.000000000000004
2001-07-31,0.3,30.0
2001-08-31,0.31,31.0
2001-09-30,0.28,28.000000000000004
2001-10-31,0.22,22.0
2001-11-30,0.17,17.0
2001-12-31,0.15,15.0
2002-01-31,0.14,14.000000000000002
2002-02-28,0.13,13.0
2002-03-31,0.13,13.0
2002-04-30,0.15,15.0
2002-05-31,0.14,14.000000000000002
2002-06-30,0.13,13.0
2002-07-31,0.15,15.0
2002-08-31,0.14,14.000000000000002
2002-09-30,0.14,14.000000000000002
2002-10-31,0.14,14.000000000000002
2002-11-30,0.12,12.0
2002-12-31,0.11,11.0
2003-01-31,0.1,10.0
2003-02-28,0.09,9.0
2003-03-31,0.1,10.0
2003-04-30,0.1,10.0
2003-05-31,0.09,9.0
2003-06-30,0.1,10.0
2003-07-31,0.07,7.000000000000001
2003-08-31,0.07,7.000000000000001
2003-09-30,0.08,8.0
2003-10-31,0.07,7.000000000000001
2003-11-30,0.07,7.000000000000001
2003-12-31,0.08,8.0
2004-01-31,0.07,7.000000000000001
2004-02-29,0.06,6.0
2004-03-31,0.09,9.0
2004-04-30,0.08,8.0
2004-05-31,0.06,6.0
2004-06-30,0.08,8.0
2004-07-31,0.1,10.0
2004-08-31,0.11,11.0
2004-09-30,0.11,11.0
2004-10-31,0.11,11.0
2004-11-30,0.15,15.0
2004-12-31,0.16,16.0
2005-01-31,0.16,16.0
2005-02-28,0.16,16.0
2005-03-31,0.21,21.0
2005-04-30,0.21,21.0
2005-05-31,0.24,24.0
2005-06-30,0.23,23.0
2005-07-31,0.24,24.0
2005-08-31,0.3,30.0
2005-09-30,0.29,28.999999999999996
2005-10-31,0.27,27.0
2005-11-30,0.31,31.0
2005-12-31,0.32,32.0
2006-01-31,0.35,35.0
2006-02-28,0.34,34.0
2006-03-31,0.37,37.0
2006-04-30,0.36,36.0
2006-05-31,0.43,43.0
2006-06-30,0.4,40.0
2006-07-31,0.4,40.0
2006-08-31,0.42,42.0
2006-09-30,0.41,41.0
2006-10-31,0.41,41.0
2006-11-30,0.42,42.0
2006-12-31,0.4,40.0
2007-01-31,0.44,44.0
2007-02-28,0.38,38.0
2007-03-31,0.43,43.0
2007-04-30,0.44,44.0
2007-05-31,0.41,41.0
2007-06-30,0.4,40.0
2007-07-31,0.4,40.0
2007-08-31,0.42,42.0
2007-09-30,0.32,32.0
2007-10-31,0.32,32.0
2007-11-30,0.34,34.0
2007-12-31,0.27,27.0
2008-01-31,0.21,21.0
2008-02-29,0.13,13.0
2008-03-31,0.17,17.0
2008-04-30,0.18,18.0
2008-05-31,0.18,18.0
2008-06-30,0.17,17.0
2008-07-31,0.15,15.0
2008-08-31,0.13,13.0
2008-09-30,0.15,15.0
2008-10-31,0.08,8.0
2008-11-30,0.03,3.0
2008-12-31,0.0,0.0
2009-01-31,0.0,0.0
2009-02-28,0.01,1.0
2009-03-31,0.02,2.0
2009-04-30,0.01,1.0
2009-05-31,0.0,0.0
2009-06-30,0.01,1.0
2009-07-31,0.01,1.0
2009-08-31,0.01,1.0
2009-09-30,0.01,1.0
2009-10-31,0.0,0.0
2009-11-30,0.0,0.0
2009-12-31,0.01,1.0
2010-01-31,0.0,0.0
2010-02-28,0.0,0.0
2010-03-31,0.01,1.0
2010-04-30,0.01,1.0
2010-05-31,0.01,1.0
2010-06-30,0.01,1.0
2010-07-31,0.01,1.0
2010-08-31,0.01,1.0
2010-09-30,0.01,1.0
2010-10-31,0.01,1.0
2010-11-30,0.01,1.0
2010-12-31,0.01,1.0
2011-01-31,0.01,1.0
2011-02-28,0.01,1.0
2011-03-31,0.01,1.0
2011-04-30,0.0,0.0
2011-05-31,0.0,0.0
2011-06-30,0.0,0.0
2011-07-31,0.0,0.0
2011-08-31,0.01,1.0
2011-09-30,0.0,0.0
2011-10-31,0.0,0.0
2011-11-30,0.0,0.0
2011-12-31,0.0,0.0
2012-01-31,0.0,0.0
2012-02-29,0.0,0.0
2012-03-31,0.0,0.0
2012-04-30,0.0,0.0
2012-05-31,0.01,1.0
2012-06-30,0.0,0.0
2012-07-31,0.0,0.0
2012-08-31,0.01,1.0
2012-09-30,0.01,1.0
2012-10-31,0.01,1.0
2012-11-30,0.01,1.0
2012-12-31,0.01,1.0
2013-01-31,0.0,0.0
2013-02-28,0.0,0.0
2013-03-31,0.0,0.0
2013-04-30,0.0,0.0
2013-05-31,0.0,0.0
2013-06-30,0.0,0.0
2013-07-31,0.0,0.0
2013-08-31,0.0,0.0
2013-09-30,0.0,0.0
2013-10-31,0.0,0.0
2013-11-30,0.0,0.0
2013-12-31,0.0,0.0
2014-01-31,0.0,0.0
2014-02-28,0.0,0.0
2014-03-31,0.0,0.0
2014-04-30,0.0,0.0
2014-05-31,0.0,0.0
2014-06-30,0.0,0.0
2014-07-31,0.0,0.0
2014-08-31,0.0,0.0
2014-09-30,0.0,0.0
2014-10-31,0.0,0.0
2014-11-30,0.0,0.0
2014-12-31,0.0,0.0
2015-01-31,0.0,0.0
2015-02-28,0.0,0.0
2015-03-31,0.0,0.0
2015-04-30,0.0,0.0
2015-05-31,0.0,0.0
2015-06-30,0.0,0.0
2015-07-31,0.0,0.0
2015-08-31,0.0,0.0
2015-09-30,0.0,0.0
2015-10-31,0.0,0.0
2015-11-30,0.0,0.0
2015-12-31,0.01,1.0
2016-01-31,0.01,1.0
2016-02-29,0.02,2.0
2016-03-31,0.02,2.0
2016-04-30,0.01,1.0
2016-05-31,0.01,1.0
2016-06-30,0.02,2.0
2016-07-31,0.02,2.0
2016-08-31,0.02,2.0
2016-09-30,0.02,2.0
2016-10-31,0.02,2.0
2016-11-30,0.01,1.0
2016-12-31,0.03,3.0
2017-01-31,0.04,4.0
2017-02-28,0.04,4.0
2017-03-31,0.03,3.0
2017-04-30,0.05,5.0
2017-05-31,0.06,6.0
2017-06-30,0.06,6.0
2017-07-31,0.07,7.000000000000001
2017-08-31,0.09,9.0
2017-09-30,0.09,9.0
2017-10-31,0.09,9.0
2017-11-30,0.08,8.0
2017-12-31,0.09,9.0
2018-01-31,0.12,12.0
2018-02-28,0.11,11.0
2018-03-31,0.11,11.0
2018-04-30,0.14,14.000000000000002
2018-05-31,0.14,14.000000000000002
2018-06-30,0.14,14.000000000000002
2018-07-31,0.16,16.0
2018-08-31,0.16,16.0
2018-09-30,0.15,15.0
2018-10-31,0.19,19.0
2018-11-30,0.18,18.0
2018-12-31,0.2,20.0
2019-01-31,0.21,21.0
2019-02-28,0.18,18.0
2019-03-31,0.19,19.0
2019-04-30,0.21,21.0
2019-05-31,0.21,21.0
2019-06-30,0.18,18.0
2019-07-31,0.19,19.0
2019-08-31,0.16,16.0
2019-09-30,0.18,18.0
2019-10-31,0.16,16.0
2019-11-30,0.12,12.0
2019-12-31,0.14,14.000000000000002
2020-01-31,0.13,13.0
2020-02-29,0.12,12.0
2020-03-31,0.13,13.0
2020-04-30,0.0,0.0
2020-05-31,0.01,1.0
2020-06-30,0.01,1.0
2020-07-31,0.01,1.0
2020-08-31,0.01,1.0
2020-09-30,0.01,1.0
2020-10-31,0.01,1.0
2020-11-30,0.01,1.0
2020-12-31,0.01,1.0
2021-01-31,0.01,1.0
2021-02-28,0.0,0.0
2021-03-31,0.0,0.0
2021-04-30,0.0,0.0
2021-05-31,0.0,0.0
2021-06-30,0.0,0.0
2021-07-31,0.0,0.0
2021-08-31,0.0,0.0
2021-09-30,0.0,0.0
2021-10-31,0.0,0.0
